accuracy,precision,recall,f1,roc_auc,classification_report,confusion_matrix,threshold
0.912775122060013,0.7559532160759155,0.816422392418315,0.7850250663911682,0.9573178546573127,"              precision    recall  f1-score   support

           0       0.95      0.94      0.95    299557
           1       0.76      0.82      0.79     72596

    accuracy                           0.91    372153
   macro avg       0.86      0.88      0.87    372153
weighted avg       0.92      0.91      0.91    372153
","[[280423  19134]
 [ 13327  59269]]",0.40331103678929764
