accuracy,precision,recall,f1,roc_auc,classification_report,confusion_matrix,threshold
0.90928730925184,0.861079603562729,0.6378863849247892,0.73286646884273,0.9509162675073324,"              precision    recall  f1-score   support

           0       0.92      0.98      0.95    299557
           1       0.86      0.64      0.73     72596

    accuracy                           0.91    372153
   macro avg       0.89      0.81      0.84    372153
weighted avg       0.91      0.91      0.90    372153
","[[292086   7471]
 [ 26288  46308]]",0.3869230769230769
