accuracy,precision,recall,f1,roc_auc,classification_report,confusion_matrix,threshold
0.9133528414388705,0.7624014775121608,0.8074549561959337,0.7842817195381384,0.9572264653897035,"              precision    recall  f1-score   support

           0       0.95      0.94      0.95    299557
           1       0.76      0.81      0.78     72596

    accuracy                           0.91    372153
   macro avg       0.86      0.87      0.87    372153
weighted avg       0.92      0.91      0.91    372153
","[[281289  18268]
 [ 13978  58618]]",0.39675585284280934
