model,accuracy,precision,recall,f1,roc_auc,classification_report,confusion_matrix,threshold,y_pred
Stacked_Meta_Model,0.8799875320096842,0.6335983011450053,0.9124056421841423,0.7478618244635508,0.9540508732251707,"              precision    recall  f1-score   support

           0       0.98      0.87      0.92    299557
           1       0.63      0.91      0.75     72596

    accuracy                           0.88    372153
   macro avg       0.80      0.89      0.83    372153
weighted avg       0.91      0.88      0.89    372153
","[[261253  38304]
 [  6359  66237]]",0.5442474916387959,[0 0 0 ... 0 0 1]
